 ,folder,id,display_name,description,type,units,domain,labels,calculation,commonly_used,forms
20,Administrative,appleid,APPLES Participant ID,,identifier,,,ID Table,,,
1,Administrative,dayssincerandfradh,Days Since Randomization,,numeric,days,,Adherence,,,
48,Administrative,excludecategory,"Exclusion, Withdrawal, Dropped, or Disqualified Category",APPLES Subject Status Definitions 12-04 2,choices,,excludecategory,SISS,,,
49,Administrative,excluderandreason,"Exclusion, Withdrawal, Dropped, or Disqualified Reason",APPLES Subject Status Definitions 12-04 2,text,,,SISS,,,
94,Administrative,offtreatmentorstudy,"Off-Treatment, Off-Study, or Completed",APPLES Subject Status Definitions 12-04 2,choices,,offtreatmentorstudy,SISS,,,
99,Administrative,randomized,"Randomized Partcipant: 0=Not randomized, 1=Randomized",,choices,,randomized,SISS,,,
107,Administrative,site,Site,,choices,,site,SISS,,,
123,Administrative,txgroup,Treatment Group (0= Non-randomized; 1) Group A = Sham; 2) Group B = Active),,choices,,txgroup,SISS,,,
125,Administrative,visit,Visit (BL=Baseline),,choices,,visit,SHQ;HP;HL;MEQ;BDI;MMSE;SSS;HAMD,,,
126,Administrative,visitn,Visit (Number),:visit: converted into number by NSRR team,choices,,visitn,,,,
17,Anthropometry,analysisgroup,Analysis Group (Yes/No; 1098 analyzed in primary manuscript),,choices,,analysisgroup,SISS,,,
24,Anthropometry,bmiblquan,Baseline Body Mass Index ,,numeric,kilograms per square meter,,"HL, HP",,,
183,Anthropometry,bmihl,Body Mass Index from Health Log,,numeric,kilograms per square meter,,HL,,,
184,Anthropometry,bmihlhp,"Body Mass Index from Health Log and 4M HP (HL is gold standard, use 4M HP if HL missing)",,numeric,kilograms per square meter,,HL/HP,,,
185,Anthropometry,bmihp,Body Mass Index from HP,,numeric,kilograms per square meter,,HP,,,
56,Anthropometry,height,Height (inches) from HP,,numeric,inches,,HP,,,
203,Anthropometry,heighthl,Height from Health Log,,numeric,inches,,HL,,,
81,Anthropometry,neckcircinchhp,Neck Circumference in Inches from HP Physical Exam,,numeric,inches,,HP,,,
127,Anthropometry,waisttohipratiohp,Waist to Hip Ratio Derived from HP Physical Exam,,numeric,,,HP,,,
128,Anthropometry,weight,Weight (pounds) from HP,,numeric,pounds,,HP,,,
211,Anthropometry,weighthp,Weight from 4M HP,,numeric,pounds,,HP,,,
209,Anthropometry,weighthl,Weight from Health Log,,numeric,pounds,,HL,,,
210,Anthropometry,weighthlhp,"Weight from Health Log and 4M HP (HL is gold standard, use 4M HP if HL missing)",,numeric,pounds,,HL/HP,,,
131,Clinical Data/Neurocognitive Testing/Buschke Selective Reminding Test (BSRT),consistentlongtermretrieval,Buschke Selective Reminding Test (BSRT) Consistent Long Term Retrieval,,numeric,,,BSRT;cognitive,,,
132,Clinical Data/Neurocognitive Testing/Buschke Selective Reminding Test (BSRT),longtermretrieval,Buschke Selective Reminding Test (BSRT) Long Term Retrieval,,numeric,,,BSRT;cognitive,,,
133,Clinical Data/Neurocognitive Testing/Buschke Selective Reminding Test (BSRT),longtermstorage,Buschke Selective Reminding Test (BSRT) Long Term Storage,,numeric,,,BSRT;cognitive,,,
145,Clinical Data/Neurocognitive Testing/Buschke Selective Reminding Test (BSRT),randomlongtermretrieval,Buschke Selective Reminding Test (BSRT) Random Long Term Retrieval,,numeric,,,BSRT;cognitive,,,
147,Clinical Data/Neurocognitive Testing/Buschke Selective Reminding Test (BSRT),shorttermretrieval,Buschke Selective Reminding Test (BSRT) Short Term Retrieval,,numeric,,,BSRT;cognitive,,,
148,Clinical Data/Neurocognitive Testing/Buschke Selective Reminding Test (BSRT),sumrecall,Buschke Selective Reminding Test (BSRT) Sum Recall - 1 NC Outcome ,,numeric,,,BSRT;cognitive,,,
140,Clinical Data/Neurocognitive Testing/Cogscreen Pathfinder Number (PN),pfnacc,Cogscreen Pathfinder Number (PN) Accurarcy,,numeric,,,PFNRTC;cognitive,,,
141,Clinical Data/Neurocognitive Testing/Cogscreen Pathfinder Number (PN),pfncoor,Cogscreen Pathfinder Number (PN) Coordination,,numeric,,,PFNRTC;cognitive,,,
143,Clinical Data/Neurocognitive Testing/Cogscreen Pathfinder Number (PN),pfnrtc,Cogscreen Pathfinder Number (PN) Reaction Time,,numeric,,,PFNRTC;cognitive,,,
142,Clinical Data/Neurocognitive Testing/Cogscreen Pathfinder Number (PN),pfnput,Cogscreen Pathfinder Number (PN) Thruput,,numeric,,,PFNRTC;cognitive,,,
144,Clinical Data/Neurocognitive Testing/Cogscreen Pathfinder Number (PN),pfntotl,Cogscreen Pathfinder Number (PN) Total Time - 1 NC Outcome ,,numeric,,,PFNRTC;cognitive,,,
146,Clinical Data/Neurocognitive Testing/Cogscreen Pathfinder Number (PN),session,CogScreen Session,,numeric,,,PFNRTC;cognitive,,,
173,Clinical Data/Neurocognitive Testing/Paced Auditory Serial Addition Task (PASAT),totalcorr12,Paced Auditory Serial Addition Task (PASAT) Total Correct Responses - 1.2 second trial,,numeric,,,PASAT;cognitive,,,
174,Clinical Data/Neurocognitive Testing/Paced Auditory Serial Addition Task (PASAT),totalcorr16,Paced Auditory Serial Addition Task (PASAT) Total Correct Responses - 1.6 second trial,,numeric,,,PASAT;cognitive,,,
175,Clinical Data/Neurocognitive Testing/Paced Auditory Serial Addition Task (PASAT),totalcorr20,Paced Auditory Serial Addition Task (PASAT) Total Correct Responses - 2.0 second trial,,numeric,,,PASAT;cognitive,,,
176,Clinical Data/Neurocognitive Testing/Paced Auditory Serial Addition Task (PASAT),totalcorr24,Paced Auditory Serial Addition Task (PASAT) Total Correct Responses - 2.4 second trial,,numeric,,,PASAT;cognitive,,,
177,Clinical Data/Neurocognitive Testing/Paced Auditory Serial Addition Task (PASAT),totalcorrall,Paced Auditory Serial Addition Task (PASAT) Total Correct Responses - All 4 trials combined,,numeric,,,PASAT;cognitive,,,
178,Clinical Data/Neurocognitive Testing/Paced Auditory Serial Addition Task (PASAT),totaldyad12,Paced Auditory Serial Addition Task (PASAT) Total Dyad Responses - 1.2 second trial,,numeric,,,PASAT;cognitive,,,
179,Clinical Data/Neurocognitive Testing/Paced Auditory Serial Addition Task (PASAT),totaldyad16,Paced Auditory Serial Addition Task (PASAT) Total Dyad Responses - 1.6 second trial,,numeric,,,PASAT;cognitive,,,
180,Clinical Data/Neurocognitive Testing/Paced Auditory Serial Addition Task (PASAT),totaldyad20,Paced Auditory Serial Addition Task (PASAT) Total Dyad Responses - 2.0 second trial,,numeric,,,PASAT;cognitive,,,
181,Clinical Data/Neurocognitive Testing/Paced Auditory Serial Addition Task (PASAT),totaldyad24,Paced Auditory Serial Addition Task (PASAT) Total Dyad Responses - 2.4 second trial,,numeric,,,PASAT;cognitive,,,
182,Clinical Data/Neurocognitive Testing/Paced Auditory Serial Addition Task (PASAT),totaldyadall,Paced Auditory Serial Addition Task (PASAT) Total Dyad Responses - All 4 trials combined,,numeric,,,PASAT;cognitive,,,
268,Clinical Data/Neurocognitive Testing/Psychomotor Vigilance Test (PVT),falsestartsc,"Psychomotor Vigilance Test (PVT) False Start (C) (no stimulus, correct key)",PVT QC Rules 3-25-09 FINAL,numeric,,,PVT;sleep_related_impairment,,,
269,Clinical Data/Neurocognitive Testing/Psychomotor Vigilance Test (PVT),falsestartse,"Psychomotor Vigilance Test (PVT) False Start (E) (no stimulus, incorrect key)",PVT QC Rules 3-25-09 FINAL,numeric,,,PVT;sleep_related_impairment,,,
270,Clinical Data/Neurocognitive Testing/Psychomotor Vigilance Test (PVT),goodrs,Psychomotor Vigilance Test (PVT) Good Rs (correct responses) ,PVT QC Rules 3-25-09 FINAL,numeric,,,PVT;sleep_related_impairment,,,
271,Clinical Data/Neurocognitive Testing/Psychomotor Vigilance Test (PVT),hand,Psychomotor Vigilance Test (PVT) Handedness,PVT QC Rules 3-25-09 FINAL,choices,,hand,PVT;sleep_related_impairment,,,
272,Clinical Data/Neurocognitive Testing/Psychomotor Vigilance Test (PVT),isimaximum,Psychomotor Vigilance Test (PVT) Interstimulus Interval Maximum,PVT QC Rules 3-25-09 FINAL,numeric,,,PVT;sleep_related_impairment,,,
273,Clinical Data/Neurocognitive Testing/Psychomotor Vigilance Test (PVT),isiminimum,Psychomotor Vigilance Test (PVT) Interstimulus Interval Minimum,PVT QC Rules 3-25-09 FINAL,numeric,,,PVT;sleep_related_impairment,,,
276,Clinical Data/Neurocognitive Testing/Psychomotor Vigilance Test (PVT),meanfrt,Psychomotor Vigilance Test (PVT) Mean of fastest 10% of RTs (msec),PVT QC Rules 3-25-09 FINAL,numeric,,,PVT;sleep_related_impairment,,,
279,Clinical Data/Neurocognitive Testing/Psychomotor Vigilance Test (PVT),meansrt,Psychomotor Vigilance Test (PVT) Mean of slowest 10% of RTs (msec),PVT QC Rules 3-25-09 FINAL,numeric,,,PVT;sleep_related_impairment,,,
278,Clinical Data/Neurocognitive Testing/Psychomotor Vigilance Test (PVT),meansrrt,Psychomotor Vigilance Test (PVT) Mean reciprocal (1/RT) of slowest 10% of responses,PVT QC Rules 3-25-09 FINAL,numeric,,,PVT;sleep_related_impairment,,,
277,Clinical Data/Neurocognitive Testing/Psychomotor Vigilance Test (PVT),meanrt,Psychomotor Vigilance Test (PVT) Mean RT (msec),PVT QC Rules 3-25-09 FINAL,numeric,,,PVT;sleep_related_impairment,,,
280,Clinical Data/Neurocognitive Testing/Psychomotor Vigilance Test (PVT),medianrt,Psychomotor Vigilance Test (PVT) Median RT (msec),PVT QC Rules 3-25-09 FINAL,numeric,,,PVT;sleep_related_impairment,,,
282,Clinical Data/Neurocognitive Testing/Psychomotor Vigilance Test (PVT),sleepypost,Psychomotor Vigilance Test (PVT) Sleepiness Post-test - Visual Analog Scale Rating (range 1-10),PVT QC Rules 3-25-09 FINAL,numeric,,,PVT;sleep_related_impairment,,,
283,Clinical Data/Neurocognitive Testing/Psychomotor Vigilance Test (PVT),sleepypre,Psychomotor Vigilance Test (PVT) Sleepiness Pre-test - Visual Analog Scale Rating (range 1-10),PVT QC Rules 3-25-09 FINAL,numeric,,,PVT;sleep_related_impairment,,,
281,Clinical Data/Neurocognitive Testing/Psychomotor Vigilance Test (PVT),rrtslope,Psychomotor Vigilance Test (PVT) Slope of the time on task vigilance decrement function (for 1/RT data),PVT QC Rules 3-25-09 FINAL,numeric,,,PVT;sleep_related_impairment,,,
274,Clinical Data/Neurocognitive Testing/Psychomotor Vigilance Test (PVT),lapsesrtge500,Psychomotor Vigilance Test (PVT) Total Lapse Counts (>=500 msec),PVT QC Rules 3-25-09 FINAL,numeric,,,PVT;sleep_related_impairment,,,
275,Clinical Data/Neurocognitive Testing/Psychomotor Vigilance Test (PVT),lapsqrxfrm,Psychomotor Vigilance Test (PVT) Total lapse counts transformed by using Freeman & TukeyÂ’s (1950) square root of X plus square root of (X + 1),PVT QC Rules 3-25-09 FINAL,numeric,,,PVT;sleep_related_impairment,,,
284,Clinical Data/Neurocognitive Testing/Psychomotor Vigilance Test (PVT),totalerrors,Psychomotor Vigilance Test (PVT) Total sum of errors (includes all false starts and wrong button presses) ,PVT QC Rules 3-25-09 FINAL,numeric,,,PVT;sleep_related_impairment,,,
285,Clinical Data/Neurocognitive Testing/Psychomotor Vigilance Test (PVT),triallength,Psychomotor Vigilance Test (PVT) Trial Length,PVT QC Rules 3-25-09 FINAL,numeric,,,PVT;sleep_related_impairment,,,
286,Clinical Data/Neurocognitive Testing/Psychomotor Vigilance Test (PVT),trialno,Psychomotor Vigilance Test (PVT) Trial Number,PVT QC Rules 3-25-09 FINAL,numeric,,,PVT;sleep_related_impairment,,,
287,Clinical Data/Neurocognitive Testing/Psychomotor Vigilance Test (PVT),wrongkeyrs,"Psychomotor Vigilance Test (PVT) Wrong Key Rs (stimulus present, incorrect key)",PVT QC Rules 3-25-09 FINAL,numeric,,,PVT;sleep_related_impairment,,,
157,Clinical Data/Neurocognitive Testing/Sustained Working Memory Test (SWMT),swmtbehavewm3,Sustained Working Memory Test (SWMT) Behavioral Working Memory Sub-Index - Afternoon Administration,SWMT Missing Data Codes 3-16-09,numeric,,,SWMT;cognitive,,,
156,Clinical Data/Neurocognitive Testing/Sustained Working Memory Test (SWMT),swmtbehavewm2,Sustained Working Memory Test (SWMT) Behavioral Working Memory Sub-Index - Mid-day Administration,SWMT Missing Data Codes 3-16-09,numeric,,,SWMT;cognitive,,,
155,Clinical Data/Neurocognitive Testing/Sustained Working Memory Test (SWMT),swmtbehavewm1,Sustained Working Memory Test (SWMT) Behavioral Working Memory Sub-Index - Morning Administration,SWMT Missing Data Codes 3-16-09,numeric,,,SWMT;cognitive,,,
151,Clinical Data/Neurocognitive Testing/Sustained Working Memory Test (SWMT),swmtactivation3,Sustained Working Memory Test (SWMT) EEG Activation Sub-Index - Afternoon Administration,SWMT Missing Data Codes 3-16-09,numeric,,,SWMT;cognitive,,,
150,Clinical Data/Neurocognitive Testing/Sustained Working Memory Test (SWMT),swmtactivation2,Sustained Working Memory Test (SWMT) EEG Activation Sub-Index - Mid-day Administration,SWMT Missing Data Codes 3-16-09,numeric,,,SWMT;cognitive,,,
149,Clinical Data/Neurocognitive Testing/Sustained Working Memory Test (SWMT),swmtactivation1,Sustained Working Memory Test (SWMT) EEG Activation Sub-Index - Morning Administration,SWMT Missing Data Codes 3-16-09,numeric,,,SWMT;cognitive,,,
154,Clinical Data/Neurocognitive Testing/Sustained Working Memory Test (SWMT),swmtalert3,Sustained Working Memory Test (SWMT) EEG Alertness Sub-Index - Afternoon Administration,SWMT Missing Data Codes 3-16-09,numeric,,,SWMT;cognitive,,,
153,Clinical Data/Neurocognitive Testing/Sustained Working Memory Test (SWMT),swmtalert2,Sustained Working Memory Test (SWMT) EEG Alertness Sub-Index - Mid-day Administration,SWMT Missing Data Codes 3-16-09,numeric,,,SWMT;cognitive,,,
152,Clinical Data/Neurocognitive Testing/Sustained Working Memory Test (SWMT),swmtalert1,Sustained Working Memory Test (SWMT) EEG Alertness Sub-Index - Morning Administration,SWMT Missing Data Codes 3-16-09,numeric,,,SWMT;cognitive,,,
160,Clinical Data/Neurocognitive Testing/Sustained Working Memory Test (SWMT),swmthlacc3,Sustained Working Memory Test (SWMT) n-back higher level accuracy - Afternoon Administration,SWMT Missing Data Codes 3-16-09,numeric,,,SWMT;cognitive,,,
159,Clinical Data/Neurocognitive Testing/Sustained Working Memory Test (SWMT),swmthlacc2,Sustained Working Memory Test (SWMT) n-back higher level accuracy - Mid-day Administration,SWMT Missing Data Codes 3-16-09,numeric,,,SWMT;cognitive,,,
158,Clinical Data/Neurocognitive Testing/Sustained Working Memory Test (SWMT),swmthlacc1,Sustained Working Memory Test (SWMT) n-back higher level accuracy - Morning Administration,SWMT Missing Data Codes 3-16-09,numeric,,,SWMT;cognitive,,,
163,Clinical Data/Neurocognitive Testing/Sustained Working Memory Test (SWMT),swmthlavertcorrect3,Sustained Working Memory Test (SWMT) n-back higher level average reaction time for correct response - Afternoon Administration,SWMT Missing Data Codes 3-16-09,numeric,,,SWMT;cognitive,,,
162,Clinical Data/Neurocognitive Testing/Sustained Working Memory Test (SWMT),swmthlavertcorrect2,Sustained Working Memory Test (SWMT) n-back higher level average reaction time for correct response - Mid-day Administration,SWMT Missing Data Codes 3-16-09,numeric,,,SWMT;cognitive,,,
161,Clinical Data/Neurocognitive Testing/Sustained Working Memory Test (SWMT),swmthlavertcorrect1,Sustained Working Memory Test (SWMT) n-back higher level average reaction time for correct response - Morning Administration,SWMT Missing Data Codes 3-16-09,numeric,,,SWMT;cognitive,,,
166,Clinical Data/Neurocognitive Testing/Sustained Working Memory Test (SWMT),swmtllacc3,Sustained Working Memory Test (SWMT) n-back lower level accuracy - Afternoon Administration,SWMT Missing Data Codes 3-16-09,numeric,,,SWMT;cognitive,,,
165,Clinical Data/Neurocognitive Testing/Sustained Working Memory Test (SWMT),swmtllacc2,Sustained Working Memory Test (SWMT) n-back lower level accuracy - Mid-day Administration,SWMT Missing Data Codes 3-16-09,numeric,,,SWMT;cognitive,,,
164,Clinical Data/Neurocognitive Testing/Sustained Working Memory Test (SWMT),swmtllacc1,Sustained Working Memory Test (SWMT) n-back lower level accuracy - Morning Administration,SWMT Missing Data Codes 3-16-09,numeric,,,SWMT;cognitive,,,
169,Clinical Data/Neurocognitive Testing/Sustained Working Memory Test (SWMT),swmtllavertcorrect3,Sustained Working Memory Test (SWMT) n-back lower level average reaction time for correct response - Afternoon Administration,SWMT Missing Data Codes 3-16-09,numeric,,,SWMT;cognitive,,,
168,Clinical Data/Neurocognitive Testing/Sustained Working Memory Test (SWMT),swmtllavertcorrect2,Sustained Working Memory Test (SWMT) n-back lower level average reaction time for correct response - Mid-day Administration,SWMT Missing Data Codes 3-16-09,numeric,,,SWMT;cognitive,,,
167,Clinical Data/Neurocognitive Testing/Sustained Working Memory Test (SWMT),swmtllavertcorrect1,Sustained Working Memory Test (SWMT) n-back lower level average reaction time for correct response - Morning Administration,SWMT Missing Data Codes 3-16-09,numeric,,,SWMT;cognitive,,,
172,Clinical Data/Neurocognitive Testing/Sustained Working Memory Test (SWMT),swmtoverall3,Sustained Working Memory Test (SWMT) Overall Index - Afternoon Administration,SWMT Missing Data Codes 3-16-09,numeric,,,SWMT;cognitive,,,
171,Clinical Data/Neurocognitive Testing/Sustained Working Memory Test (SWMT),swmtoverall2,Sustained Working Memory Test (SWMT) Overall Index - Mid-day Administration,SWMT Missing Data Codes 3-16-09,numeric,,,SWMT;cognitive,,,
170,Clinical Data/Neurocognitive Testing/Sustained Working Memory Test (SWMT),swmtoverall1,Sustained Working Memory Test (SWMT) Overall Index - Morning Administration,SWMT Missing Data Codes 3-16-09,numeric,,,SWMT;cognitive,,,
324,Clinical Data/Neurocognitive Testing/Wechsler Abbreviated Scale of Intelligence (WASI),bd_raw,WASI Block Design Subtest Raw Score,,numeric,,,WASI;cognitive,,,
325,Clinical Data/Neurocognitive Testing/Wechsler Abbreviated Scale of Intelligence (WASI),bd_t,WASI Block Design Subtest T Score,,numeric,,,WASI;cognitive,,,
326,Clinical Data/Neurocognitive Testing/Wechsler Abbreviated Scale of Intelligence (WASI),iqfull4wasi,WASI Full 4 IQ,,numeric,,,WASI;cognitive,,,
329,Clinical Data/Neurocognitive Testing/Wechsler Abbreviated Scale of Intelligence (WASI),mr_raw,WASI Matrix Reasoning Subtest Raw Score,,numeric,,,WASI;cognitive,,,
330,Clinical Data/Neurocognitive Testing/Wechsler Abbreviated Scale of Intelligence (WASI),mr_t,WASI Matrix Reasoning Subtest T Score,,numeric,,,WASI;cognitive,,,
327,Clinical Data/Neurocognitive Testing/Wechsler Abbreviated Scale of Intelligence (WASI),iqperf,WASI Performance IQ,,numeric,,,WASI;cognitive,,,
331,Clinical Data/Neurocognitive Testing/Wechsler Abbreviated Scale of Intelligence (WASI),sim_raw,WASI Similarities Subtest Raw Score,,numeric,,,WASI;cognitive,,,
332,Clinical Data/Neurocognitive Testing/Wechsler Abbreviated Scale of Intelligence (WASI),sim_t,WASI Similarities Subtest T Score,,numeric,,,WASI;cognitive,,,
333,Clinical Data/Neurocognitive Testing/Wechsler Abbreviated Scale of Intelligence (WASI),sumtfull4,WASI Sum of T Scores - Full 4= Verbal + Performance T Scores,,numeric,,,WASI;cognitive,,,
334,Clinical Data/Neurocognitive Testing/Wechsler Abbreviated Scale of Intelligence (WASI),sumtperf,WASI Sum of T Scores - Performance= Block Design + Matrix Reasoning T Scores,,numeric,,,WASI;cognitive,,,
335,Clinical Data/Neurocognitive Testing/Wechsler Abbreviated Scale of Intelligence (WASI),sumtverb,WASI Sum of T Scores - Verbal= Vocabulary + Similarities T Scores,,numeric,,,WASI;cognitive,,,
328,Clinical Data/Neurocognitive Testing/Wechsler Abbreviated Scale of Intelligence (WASI),iqverb,WASI Verbal IQ,,numeric,,,WASI;cognitive,,,
336,Clinical Data/Neurocognitive Testing/Wechsler Abbreviated Scale of Intelligence (WASI),voc_raw,WASI Vocabulary Subtest Raw Score,,numeric,,,WASI;cognitive,,,
337,Clinical Data/Neurocognitive Testing/Wechsler Abbreviated Scale of Intelligence (WASI),voc_t,WASI Vocabulary Subtest T Score,,numeric,,,WASI;cognitive,,,
188,Clinical Data/Vital Signs/Seated Blood Pressure,bp1b_am,AM Diastolic Blood Presure 1st Measurement,,numeric,millimeters of mercury,,HL,,,
192,Clinical Data/Vital Signs/Seated Blood Pressure,bp2b_am,AM Diastolic Blood Presure 2nd Measurement,,numeric,millimeters of mercury,,HL,,,
204,Clinical Data/Vital Signs/Seated Blood Pressure,pulse1_am,AM Pulse 1st Measurement,,numeric,beats per minute,,HL,,,
206,Clinical Data/Vital Signs/Seated Blood Pressure,pulse2_am,AM Pulse 2nd Measurement,,numeric,beats per minute,,HL,,,
186,Clinical Data/Vital Signs/Seated Blood Pressure,bp1a_am,AM Systolic Blood Presure 1st Measurement,,numeric,millimeters of mercury,,HL,,,
190,Clinical Data/Vital Signs/Seated Blood Pressure,bp2a_am,AM Systolic Blood Presure 2nd Measurement,,numeric,millimeters of mercury,,HL,,,
189,Clinical Data/Vital Signs/Seated Blood Pressure,bp1b_pm,PM Diastolic Blood Presure 1st Measurement,,numeric,millimeters of mercury,,HL,,,
193,Clinical Data/Vital Signs/Seated Blood Pressure,bp2b_pm,PM Diastolic Blood Presure 2nd Measurement,,numeric,millimeters of mercury,,HL,,,
205,Clinical Data/Vital Signs/Seated Blood Pressure,pulse1pm,PM Pulse 1st Measurement,,numeric,beats per minute,,HL,,,
207,Clinical Data/Vital Signs/Seated Blood Pressure,pulse2_pm,PM Pulse 2nd Measurement,,numeric,beats per minute,,HL,,,
187,Clinical Data/Vital Signs/Seated Blood Pressure,bp1a_pm,PM Systolic Blood Presure 1st Measurement,,numeric,millimeters of mercury,,HL,,,
191,Clinical Data/Vital Signs/Seated Blood Pressure,bp2a_pm,PM Systolic Blood Presure 2nd Measurement,,numeric,millimeters of mercury,,HL,,,
14,Demographics,age,Age at Enrollment,,integer,,,SISS,,,
47,Demographics,ethnicity,Ethnicity,,choices,,ethnicity,SISS,,,
52,Demographics,gender,Gender,,choices,,gender,SISS,,,
71,Demographics,maritalstatushp,"Marital Status from HP: 0=Single, 1=Married, 2=Divorced, 3=Widowed",,choices,,marital,HP,,,
57,Demographics/Education,highestgradehp,Years of Education from HP,,numeric,years,,HP,,,
16,General Health,amheadacheshp,"AM Headaches from HP (0=No, 1=Yes)",,numeric,,no0yes1,HP,,,
22,General Health,bditotalscore,Beck Depression Inventory (BDI) Total Score,,numeric,,,BDI;depression,,,
30,General Health,chestlungspexhp,"Body System: Chest/Lungs from HP Physical Exam (0=Normal, 1=Abnormal, 2=Not Done)",,choices,,phyexam,HP,,,
82,General Health,neckpexhp,"Body System: Neck from HP Physical Exam (0=Normal, 1=Abnormal, 2=Not Done)",,choices,,phyexam,HP,,,
87,General Health,nosepexhp,"Body System: Nose from HP Physical Exam (0=Normal, 1=Abnormal, 2=Not Done)",,choices,,phyexam,HP,,,
95,General Health,oralthroatpexhpqc,"Body System: Oral/Throat from HP Physical Exam (0=Normal, 1=Abnormal, 2=Not Done)",,choices,,phyexam,HP,,,
44,General Health,drymouththroathp,"Dry Mouth or Throat from HP (0=No, 1=Yes)",,choices,,no0yes1,HP,,,
54,General Health,hamdtotalscore,Hamilton Rating Scale for Depression (HAM-D) Total Score,,numeric,,,HAMD;depression,,,
74,Clinical Data/Neurocognitive Testing,mmsetotalscore,Mini Mental State Exam (MMSE) Total Score ,,numeric,,,MMSE,,,
80,General Health,nasalcongesionmedhxhp,"Nasal Congestion from HP Medical History:  (0=None, 1=Resolved, 2=Ongoing)",,choices,,medhistory,HP,,,
85,General Health,nocturiamedhxhp,"Nocturia (> 1/Night) from HP Medical History:  (0=None, 1=Resolved, 2=Ongoing)",,choices,,medhistory,HP,,,
27,General Health,ccnocturiahp,"Nocturia >1/Night from HP (0=No, 1=Yes)",,choices,,no0yes1,HP,,,
88,General Health,nostrilleftpexhp,"Nose: Left Nostril from HP Physical Exam (0=Open, 1=Partial, 2=Complete)",,choices,,noseexam,HP,,,
89,General Health,nostrilrightpexhp,"Nose: Right Nostril from HP Physical Exam (0=Open, 1=Partial, 2=Complete)",,choices,,noseexam,HP,,,
70,General Health,mallampatipexhp,Oral/Throat: Mallampati Score from HP Physical Exam (1 to 4),,numeric,,,HP,,,
119,General Health,tonsillargradepexhp,Oral/Throat: Tonsillar Grade from HP Physical Exam (1 to 5),,numeric,,,HP,,,
130,General Health,wtgain20ormorelbshp,"Weight Gain of 20 or More Pounds in Last 5 Years from HP Medical History:  (0=No, 1=Yes)",,choices,,no0yes1,HP,,,
305,General Health/Profiles of Moods States (POMS),factora,Profiles of Moods States (POMS) Factor A - Anger-Hostility,,numeric,,,POMS,,,
306,General Health/Profiles of Moods States (POMS),factoraerror,Profiles of Moods States (POMS) Factor A Missing Questions - Anger-Hostility,,numeric,,,POMS,,,
307,General Health/Profiles of Moods States (POMS),factorc,Profiles of Moods States (POMS) Factor C - Confusion-Bewilderment,,numeric,,,POMS,,,
308,General Health/Profiles of Moods States (POMS),factorcerror,Profiles of Moods States (POMS) Factor C Missing Questions - Confusion-Bewilderment,,numeric,,,POMS,,,
309,General Health/Profiles of Moods States (POMS),factord,Profiles of Moods States (POMS) Factor D - Depression-Dejection,,numeric,,,POMS,,,
310,General Health/Profiles of Moods States (POMS),factorderror,Profiles of Moods States (POMS) Factor D Missing Questions - Depression-Dejection,,numeric,,,POMS,,,
311,General Health/Profiles of Moods States (POMS),factorf,Profiles of Moods States (POMS) Factor F - Fatigue-Inertia,,numeric,,,POMS,,,
312,General Health/Profiles of Moods States (POMS),factorferror,Profiles of Moods States (POMS) Factor F Missing Questions - Fatigue-Inertia,,numeric,,,POMS,,,
313,General Health/Profiles of Moods States (POMS),factort,Profiles of Moods States (POMS) Factor T - Tension-Anxiety,,numeric,,,POMS,,,
314,General Health/Profiles of Moods States (POMS),factorterror,Profiles of Moods States (POMS) Factor T Missing Questions - Tension-Anxiety,,numeric,,,POMS,,,
315,General Health/Profiles of Moods States (POMS),factorv,Profiles of Moods States (POMS) Factor V - Vigor-Activity,,numeric,,,POMS,,,
316,General Health/Profiles of Moods States (POMS),factorverror,Profiles of Moods States (POMS) Factor V Missing Questions - Vigor-Activity,,numeric,,,POMS,,,
322,General Health/Profiles of Moods States (POMS),totalerror,Profiles of Moods States (POMS) Total Missing Questions on All Factors,,numeric,,,POMS,,,
321,General Health/Profiles of Moods States (POMS),tmd,Profiles of Moods States (POMS) Total Mood Disturbance Score,,numeric,,,POMS,,,
33,Lifestyle and Behavioral Health,cigarettehistorypkyrs,Cigarette History (pack-years) from HP,,numeric,,,HP;smoking,,,
38,Lifestyle and Behavioral Health,currentsmoker,"Current Smoker: 0=No, 1=Yes",,choices,,no0yes1,SHQ;smoking,,,
67,Lifestyle and Behavioral Health,illicitdrug,"Illicit Drug Use: 0=No, 1=Yes",,choices,,no0yes1,SHQ,,,
75,Lifestyle and Behavioral Health,moderatealcoholusage,Moderate Alcohol Usage - Defined as >7 Servings/Week,,choices,,no0yes1,SHQ,,,
76,Lifestyle and Behavioral Health,moderatecaffeineusage,Moderate Caffeine Usage - Defined as >14 Servings/Week,,choices,,no0yes1,SHQ,,,
112,Lifestyle and Behavioral Health,smokermedhxhp,"Smoker from HP Medical History:  (0=None, 1=Resolved, 2=Ongoing)",,choices,,medhistory,HP;smoking,,,
120,Lifestyle and Behavioral Health,totalalcholservingsperweek,Total Alcohol Sevings Per Week,,numeric,,,SHQ,,,
121,Lifestyle and Behavioral Health,totalcaffeineservingsperweek,Total Caffeine Servings Per Week,,numeric,,,SHQ,,,
15,Medical History,allergicrhinitismedhxhp,"Allergic Rhinitis from HP Medical History:  (0=None, 1=Resolved, 2=Ongoing)",,choices,,medhistory,HP,,,
18,Medical History,anemiamedhxhp,"Anemia from HP Medical History:  (0=None, 1=Resolved, 2=Ongoing)",,choices,,medhistory,HP,,,
19,Medical History,anxietymedhxhp,"Anxiety from HP Medical History:  (0=None, 1=Resolved, 2=Ongoing)",,choices,,medhistory,HP,,,
21,Medical History,asthmamedhxhp,"Asthma from HP Medical History: (0=None, 1=Resolved, 2=Ongoing)",,choices,,medhistory,HP,,,
23,Medical History,bleedingdomedhxhp,"Bleeding Disorder from HP Medical History:  (0=None, 1=Resolved, 2=Ongoing)",,choices,,medhistory,HP,,,
26,Medical History,ccbruxismhp,"Bruxism from HP (0=No, 1=Yes)",,choices,,no0yes1,HP,,,
25,Medical History,cancermedhxhp,"Cancer from HP Medical History:  (0=None, 1=Resolved, 2=Ongoing)",,choices,,medhistory,HP,,,
58,Medical History,hpcvangina,"Cardiovascular History from H&P- Angina: (0=None, 1=Resolved, 2=Ongoing)",,choices,,medhistory,HP,,,
60,Medical History,hpcvchf,"Cardiovascular History from H&P- Congestive Heart Failure: (0=None, 1=Resolved, 2=Ongoing)",,choices,,medhistory,HP,,,
59,Medical History,hpcvcad,"Cardiovascular History from H&P- Coronary Artery Disease: (0=None, 1=Resolved, 2=Ongoing)",,choices,,medhistory,HP,,,
61,Medical History,hpcvdysrhyth,"Cardiovascular History from H&P- Dysrhythmia: (0=None, 1=Resolved, 2=Ongoing)",,choices,,medhistory,HP,,,
62,Medical History,hpcvedema,"Cardiovascular History from H&P- Edema: (0=None, 1=Resolved, 2=Ongoing)",,choices,,medhistory,HP,,,
65,Medical History,hpcvhtn,"Cardiovascular History from H&P- Hypertension: (0=None, 1=Resolved, 2=Ongoing)",,choices,,medhistory,HP,,,
66,Medical History,hpcvmi,"Cardiovascular History from H&P- Myocardial Infarction: (0=None, 1=Resolved, 2=Ongoing)",,choices,,medhistory,HP,,,
63,Medical History,hpcvhistory,"Cardiovascular History from H&P- Overall CV Endorsement: (0=None, 1=Resolved, 2=Ongoing)",,choices,,medhistory,HP,,,
64,Medical History,hpcvhistoryvalue,Cardiovascular History from H&P- Overall Value (Positive/Negative),,choices,,hpcvhistoryvalue,HP,,,
36,Medical History,copdmedhxhp,"Chronic Obstructive Pulmonary Disease from HP Medical History: (0=None, 1=Resolved, 2=Ongoing)",,choices,,medhistory,HP,,,
32,Medical History,chronicpainsyndmedhxhp,"Chronic Pain Syndrome from HP Medical History:  (0=None, 1=Resolved, 2=Ongoing)",,choices,,medhistory,HP,,,
34,Medical History,claustrophobiamedhxhp,"Claustrophobia from HP Medical History:  (0=None, 1=Resolved, 2=Ongoing)",,choices,,medhistory,HP,,,
35,Medical History,contactdermmedhxhp,"Contact Dermatitis from HP Medical History:  (0=None, 1=Resolved, 2=Ongoing)",,choices,,medhistory,HP,,,
39,Medical History,depressionmedhxhp,"Depression from HP Medical History:  (0=None, 1=Resolved, 2=Ongoing)",,choices,,medhistory,HP;depression,,,
40,Medical History,diabetesmedhxhp,"Diabetes from HP Medical History:  (0=None, 1=Resolved, 2=Ongoing)",,choices,,medhistory,HP,,,
45,Medical History,eczemamedhxhp,"Eczema from HP Medical History:  (0=None, 1=Resolved, 2=Ongoing)",,choices,,medhistory,HP,,,
53,Medical History,gerdmedhxhp,"Gastroesophageal Reflux Disease from HP Medical History:  (0=None, 1=Resolved, 2=Ongoing)",,choices,,medhistory,HP,,,
68,Medical History,latexallergymedhxhp,"Latex Allergy from HP Medical History:  (0=None, 1=Resolved, 2=Ongoing)",,choices,,medhistory,HP,,,
84,Medical History,neuromuscdzmedhxhp,"Neuromuscular Disease from HP Medical History:  (0=None, 1=Resolved, 2=Ongoing)",,choices,,medhistory,HP,,,
28,Medical History,ccnocturnalrefluxhp,"Nocturnal Reflux from HP (0=No, 1=Yes)",,choices,,no0yes1,HP,,,
101,Medical History,renalfailuremedhxhp,"Renal Failure from HP Medical History:  (0=None, 1=Resolved, 2=Ongoing)",,choices,,medhistory,HP,,,
102,Medical History,rhinoplastymedhxhp,"Rhinoplasty from HP Medical History:  (0=None, 1=Resolved, 2=Ongoing)",,choices,,medhistory,HP,,,
115,Medical History,strokemedhxhp,"Stroke from HP Medical History:  (0=None, 1=Resolved, 2=Ongoing)",,choices,,medhistory,HP,,,
117,Medical History,syncopemedhxhp,"Syncope from HP Medical History:  (0=None, 1=Resolved, 2=Ongoing)",,choices,,medhistory,HP,,,
118,Medical History,thyroiddzmedhxhp,"Thyroid Disease from HP Medical History:  (0=None, 1=Resolved, 2=Ongoing)",,choices,,medhistory,HP,,,
50,Medical History/Family History,familyhxosahp,"Family History of OSA from HP (0=No, 1=Yes)",,choices,,no0yes1,HP,,,
98,Medical History/Reproductive History,pregnantmedhxhp,"Pregnant from HP Medical History:  (0=None, 1=Resolved, 2=Ongoing)",,choices,,medhistory,HP,,,
134,Sleep Monitoring/Other Sleep Tests/Maintenance of Wakefullness Test (MWT),mwtmeansleeplatency,Maintenance of Wakefullness Test (MWT) Mean Sleep Latency (min),,numeric,minutes,,MWT;sleep_latency,,,
135,Sleep Monitoring/Other Sleep Tests/Maintenance of Wakefullness Test (MWT),mwtnumbertrials,Maintenance of Wakefullness Test (MWT) Number Trials,,numeric,,,MWT,,,
136,Sleep Monitoring/Other Sleep Tests/Maintenance of Wakefullness Test (MWT),mwtsleeplatencyt1,Maintenance of Wakefullness Test (MWT) Sleep Latency Trial 1 (min),,numeric,minutes,,MWT;sleep_latency,,,
137,Sleep Monitoring/Other Sleep Tests/Maintenance of Wakefullness Test (MWT),mwtsleeplatencyt2,Maintenance of Wakefullness Test (MWT) Sleep Latency Trial 2 (min),,numeric,minutes,,MWT;sleep_latency,,,
138,Sleep Monitoring/Other Sleep Tests/Maintenance of Wakefullness Test (MWT),mwtsleeplatencyt3,Maintenance of Wakefullness Test (MWT) Sleep Latency Trial 3 (min),,numeric,minutes,,MWT;sleep_latency,,,
139,Sleep Monitoring/Other Sleep Tests/Maintenance of Wakefullness Test (MWT),mwtsleeplatencyt4,Maintenance of Wakefullness Test (MWT) Sleep Latency Trial 4 (min),,numeric,minutes,,MWT;sleep_latency,,,
249,Sleep Monitoring/Polysomnography/Apnea-Hypopnea Indices,rditstpsg,Apnea-Hypopnea Index: (All apneas with no oxygen desaturation threshold used and with or without arousal + hypopneas with > 50% flow reduction and without oxygen desaturation threshold used and with or without arousal + hypopneas with > 30% flow reduction and with >= 3% oxygen desaturation or with arousal) / hour of sleep from type I polysomnography,"Hypopneas are defined using two criteria:  a > 50%, but <= 90% amplitude decrease from baseline of the nasal pressure signal; or if there was a clear amplitude reduction of the nasal pressure signal that did not reach the above criterion but it was associated with either an oxygen desaturation > 3% or an arousal, and the event duration was >= 10 seconds. ",numeric,events per hour,,PSG;ahi_ap0uhp5x0u_ap0uhp3x3r_f1t1,,,
218,Sleep Monitoring/Polysomnography/Apnea-Hypopnea Indices,caindextstpsg,PSG Central Apnea Index,,numeric,events per hour,,PSG,,,
219,Sleep Monitoring/Polysomnography/Apnea-Hypopnea Indices,caindextstpsgcalc,Central Apnea Index: (Central apneas with no oxygen desaturation threshold used and with or without arousal) / hour of sleep from type I polysomnography,Calculated - Summary metric of sleep disordered breathing events.,numeric,events per hour,,PSG;cai_ca0u_f1t1,,,
224,Sleep Monitoring/Polysomnography/Apnea-Hypopnea Indices,hypindextstpsg,PSG Hypopnea Index,,numeric,events per hour,,PSG,,,
225,Sleep Monitoring/Polysomnography/Apnea-Hypopnea Indices,hypindextstpsgcalc,Hypopnea Index: (Hypopneas with > 50% flow reduction and without oxygen desaturation threshold used and with or without arousal + hypopneas with > 30% flow reduction and with >= 3% oxygen desaturation or with arousal) / hour of sleep from type I polysomnography,Calculated - Summary metric of sleep disordered breathing events.,numeric,events per hour,,PSG;hi_hp5x0u_hp3x3r_f1t1,,,
226,Sleep Monitoring/Polysomnography/Apnea-Hypopnea Indices,maindextstpsg,PSG Mixed Apnea Index,,numeric,events per hour,,PSG,,,
227,Sleep Monitoring/Polysomnography/Apnea-Hypopnea Indices,maindextstpsgcalc,Mixed Apnea Index: (Mixed apneas with no oxygen desaturation threshold used and with or without arousal) / hour of sleep from type I polysomnography,Calculated - Summary metric of sleep disordered breathing events.,numeric,events per hour,,PSG;mai_ma0u_f1t1,,,
234,Sleep Monitoring/Polysomnography/Apnea-Hypopnea Indices,oaindextstpsg,PSG Obstructive Apnea Index,,numeric,events per hour,,PSG,,,
235,Sleep Monitoring/Polysomnography/Apnea-Hypopnea Indices,oaindextstpsgcalc,Obstructive Apnea Index: (Obstructive apneas with no oxygen desaturation threshold used and with or without arousal) / hour of sleep from type I polysomnography,Calculated - Summary metric of sleep disordered breathing events.,numeric,events per hour,,PSG;oai_oa0u_f1t1,,,
248,Sleep Monitoring/Polysomnography/Apnea-Hypopnea Indices,rdirempsgnum,PSG Respiratory Disturbance Index in REM,,numeric,events per hour,,PSG,,,
212,Sleep Monitoring/Polysomnography/Arousal,arousalindexcalc,Arousal Index: Number of arousals per hour of sleep from type I polysomnography,,numeric,events per hour,,PSG;phrnumar_f1t1,,,
213,Sleep Monitoring/Polysomnography/Arousal,arousalnrem,Arousal Index: Number of arousals per hour of NREM sleep from type I polysomnography,,numeric,events per hour,,PSG;phrnumar_sn_f1t1,,,
214,Sleep Monitoring/Polysomnography/Arousal,arousalrem,Arousal Index: Number of arousals per hour of REM sleep from type I polysomnography,,numeric,events per hour,,PSG;phrnumar_sr_f1t1,,,
244,Sleep Monitoring/Polysomnography/Limb Movements,plmcriteriaindex,PLM Index: number of periodic limb movements (PLM) per hour of sleep from type I polysomnography,,numeric,limb movements per hour,,PSG;phrnumpl_sp_f1t1,,,
215,Sleep Monitoring/Polysomnography/Oxygen Saturation,avgspo2nrem,Average oxygen saturation in NREM sleep from type I polysomnography,,numeric,percentage,,PSG;avglvlsa_sn_f1t1,,,
216,Sleep Monitoring/Polysomnography/Oxygen Saturation,avgspo2rem,Average oxygen saturation in REM sleep from type I polysomnography,,numeric,percentage,,PSG;avglvlsa_sr_f1t1,,,
217,Sleep Monitoring/Polysomnography/Oxygen Saturation,avgspo2wake,Average oxygen saturation while awake from type I polysomnography,,numeric,percentage,,PSG;avglvlsa_sw_f1t1,,,
222,Sleep Monitoring/Polysomnography/Oxygen Saturation,desatindextot,Average oxygen desaturation for all respiratory events from type I polysomnography,,numeric,,,PSG;avglvlds_f1t1,,,
220,Sleep Monitoring/Polysomnography/Oxygen Saturation,desatindexnrem,Average oxygen desaturation for all respiratory events in NREM sleep from type I polysomnography,,numeric,,,PSG;avglvlds_sn_f1t1,,,
221,Sleep Monitoring/Polysomnography/Oxygen Saturation,desatindexrem,Average oxygen desaturation for all respiratory events in REM sleep from type I polysomnography,,numeric,,,PSG;avglvlds_sr_f1t1,,,
223,Sleep Monitoring/Polysomnography/Oxygen Saturation,desatindexwake,Average oxygen desaturation for all respiratory events while awake from type I polysomnography,,numeric,,,PSG;avglvlds_sw_f1t1,,,
228,Sleep Monitoring/Polysomnography/Oxygen Saturation,minimumspo2qc,PSG Minimum of Resp event SaO2 minumum levels QC (%) with NADIR QC as designated by SC,,numeric,,,PSG,,,
229,Sleep Monitoring/Polysomnography/Oxygen Saturation,minimumspo2withoutscqc,PSG Minimum of Resp event SaO2 minumum levels QC (%) without NADIR QC as designated by SC,,numeric,,,PSG,,,
251,Sleep Monitoring/Polysomnography/Respiratory Event Counts,remnumcapsg,Total number of central apneas with no oxygen desaturation threshold used and with or without arousal in REM sleep from type I polysomnography,,numeric,,,PSG;ttlnumca_sr_ca0u_f1t1,,,
252,Sleep Monitoring/Polysomnography/Respiratory Event Counts,remnumhyppsg,Total number of hypopneas in REM sleep: (hypopneas with > 50% flow reduction and without oxygen desaturation threshold used and with or without arousal + hypopneas with > 30% flow reduction and with >= 3% oxygen desaturation or with arousal) from type I polysomnography,,numeric,,,PSG;ttlnumhp_sr_hp5x0u_hp3x3r_f1t1,,,
253,Sleep Monitoring/Polysomnography/Respiratory Event Counts,remnummapsg,Total number of mixed apneas with no oxygen desaturation threshold used and with or without arousal in REM sleep from type I polysomnography,,numeric,,,PSG;ttlnumma_sr_ma0u_f1t1,,,
254,Sleep Monitoring/Polysomnography/Respiratory Event Counts,remnumoapsg,Total number of obstructive apneas with no oxygen desaturation threshold used and with or without arousal in REM sleep from type I polysomnography,,numeric,,,PSG;ttlnumoa_sr_oa0u_f1t1,,,
255,Sleep Monitoring/Polysomnography/Respiratory Event Counts,respnumcapsg,Total number of central apneas with no oxygen desaturation threshold used and with or without arousal from type I polysomnography,,numeric,,,PSG;ttlnumca_ca0u_f1t1,,,
256,Sleep Monitoring/Polysomnography/Respiratory Event Counts,respnumhyppsg,Total number of hypopneas: (hypopneas with > 50% flow reduction and without oxygen desaturation threshold used and with or without arousal + hypopneas with > 30% flow reduction and with >= 3% oxygen desaturation or with arousal) from type I polysomnography,,numeric,,,PSG;ttlnumhp_hp5x0u_hp3x3r_f1t1,,,
257,Sleep Monitoring/Polysomnography/Respiratory Event Counts,respnummapsg,Total number of mixed apneas with no oxygen desaturation threshold used and with or without arousal from type I polysomnography,,numeric,,,PSG;ttlnumma_ma0u_f1t1,,,
258,Sleep Monitoring/Polysomnography/Respiratory Event Counts,respnumoapsg,Total number of obstructive apneas with no oxygen desaturation threshold used and with or without arousal from type I polysomnography,,numeric,,,PSG;ttlnumoa_oa0u_f1t1,,,
247,Sleep Monitoring/Polysomnography/Respiratory Event Counts,rdirempsgden,PSG Total Minutes of REM sleep - REM RDI Denominator,,numeric,,,PSG,,,
245,Sleep Monitoring/Polysomnography/Respiratory Event Counts,rdinrempsg,Total number of respiratory events in NREM sleep: (all apneas with no oxygen desaturation threshold used and with or without arousal + hypopneas with > 50% flow reduction and without oxygen desaturation threshold used and with or without arousal + hypopneas with > 30% flow reduction and with >= 3% oxygen desaturation or with arousal) from type I polysomnography,,numeric,,,PSG;ttlnumah_sn_ap0uhp5x0u_ap0uhp3x3r_f1t1,,,
246,Sleep Monitoring/Polysomnography/Respiratory Event Counts,rdirempsg,Total number of respiratory events in REM sleep: (all apneas with no oxygen desaturation threshold used and with or without arousal + hypopneas with > 50% flow reduction and without oxygen desaturation threshold used and with or without arousal + hypopneas with > 30% flow reduction and with >= 3% oxygen desaturation or with arousal) from type I polysomnography,,numeric,,,PSG;ttlnumah_sr_ap0uhp5x0u_ap0uhp3x3r_f1t1,,,
230,Sleep Monitoring/Polysomnography/Sleep Architecture,minspo2lt85nremduration,Total sleep duration in NREM sleep associated with oxygen saturation less than 85% from type I polysomnography,,numeric,minutes,,PSG;ttldursp_sn_salt85_f1t1,,,
231,Sleep Monitoring/Polysomnography/Sleep Architecture,minspo2lt85remduration,Total sleep duration in REM sleep associated with oxygen saturation less than 85% from type I polysomnography,,numeric,minutes,,PSG;ttldursp_sr_salt85_f1t1,,,
232,Sleep Monitoring/Polysomnography/Sleep Architecture,minspo2lt85totduration,Total sleep duration associated with oxygen saturation less than 85% from type I polysomnography,,numeric,minutes,,PSG;ttldursp_salt85_f1t1,,,
233,Sleep Monitoring/Polysomnography/Sleep Architecture,minspo2lt85wakeduration,Total duration of wake in bed associated with oxygen saturation less than 85% from type I polysomnography,PSG Duration (min) of Wake where Oxygen Saturation Less than 85%,numeric,minutes,,PSG;ttldurwk_salt85_f1t1,,,
237,Sleep Monitoring/Polysomnography/Sleep Architecture,perspo2lt85tstnrem,Percentage of sleep duration in NREM sleep associated with oxygen saturation less than 85% from type I polysomnography,PSG Percent of NREM Total Sleep Time Oxygen Saturation Less than 85%,numeric,percentage,,PSG;pctdursp_sn_salt85_f1t1,,,
238,Sleep Monitoring/Polysomnography/Sleep Architecture,perspo2lt85tstrem,Percentage of sleep duration in REM sleep associated with oxygen saturation less than 85% from type I polysomnography,PSG Percent of REM Total Sleep Time Oxygen Saturation Less than 85%,numeric,percentage,,PSG;pctdursp_sr_salt85_f1t1,,,
236,Sleep Monitoring/Polysomnography/Sleep Architecture,perspo2lt85tst,Percentage of sleep duration associated with oxygen saturation less than 85% from type I polysomnography,PSG Percent of Total Sleep Time Oxygen Saturation During Sleep Less than 85%,numeric,percentage,,PSG;pctdursp_salt85_f1t1,,,
261,Sleep Monitoring/Polysomnography/Sleep Architecture,soremfsopsg,PSG REM Sleep Latency (min),,numeric,minutes,,PSG;ttllatsp_sr_f1t1,,,
259,Sleep Monitoring/Polysomnography/Sleep Architecture,sleepeffpsg,Sleep Efficiency: the ratio of sleep duration (i.e. total sleep time) to in-bed period from type I polysomnography,"Sleep duration is the interval between sleep onset time and lights on/out-bed time while asleep (i.e. total sleep time, TST), while in-bed period is the interval between lights off/in-bed time and lights on/out-bed time (i.e. time in bed, TIB). [100*(total sleep time) / (total time in bed)]",numeric,percentage,,PSG;ttleffsp_f1t1,,,
260,Sleep Monitoring/Polysomnography/Sleep Architecture,soflopsg,Sleep Latency: the interval between lights-out/in-bed time and sleep onset time from type I polysomnography,,numeric,minutes,,PSG;ttllatsp_f1t1,,,
240,Sleep Monitoring/Polysomnography/Sleep Architecture,pertsts1psg,Percentage of stage 1 sleep among total sleep duration from type I polysomnography,"Conventionally, total sleep duration would be called total sleep time (TST).",numeric,percentage,,PSG;pctdursp_s1_f1t1,,,
241,Sleep Monitoring/Polysomnography/Sleep Architecture,pertsts2psg,Percentage of stage 2 sleep among total sleep duration from type I polysomnography,"Conventionally, total sleep duration would be called total sleep time (TST).",numeric,percentage,,PSG;pctdursp_s2_f1t1,,,
242,Sleep Monitoring/Polysomnography/Sleep Architecture,pertsts3psg,Percentage of stage 3 sleep among total sleep duration from type I polysomnography,"Conventionally, total sleep duration would be called total sleep time (TST).",numeric,percentage,,PSG;pctdursp_s3_f1t1,,,
243,Sleep Monitoring/Polysomnography/Sleep Architecture,pertsts4psg,Percentage of stage 4 sleep among total sleep duration from type I polysomnography,"Conventionally, total sleep duration would be called total sleep time (TST).",numeric,percentage,,PSG;pctdursp_s4_f1t1,,,
239,Sleep Monitoring/Polysomnography/Sleep Architecture,pertstrempsg,Percentage of REM sleep among total sleep duration from type I polysomnography,"Conventionally, total sleep duration would be called total sleep time (TST).",numeric,percentage,,PSG;pctdursp_sr_f1t1,,,
262,Sleep Monitoring/Polysomnography/Sleep Architecture,tibpsg,Total In-bed Period: the interval between lights out/in-bed time and lights off/out-bed time from type I polysomnography,Calculated. Conventionally this variable would be called time in bed (TIB).,numeric,minutes,,PSG;ttlprdbd_f1t1,,,
250,Sleep Monitoring/Polysomnography/Sleep Architecture,recordingdurpsg,Total period of recording from type I polysomnography,,numeric,,,PSG;ttlprdrd_f1t1,,,
263,Sleep Monitoring/Polysomnography/Sleep Architecture,tstpsg,Total Sleep Duration: the interval between sleep onset and sleep offset while the participant is asleep from type I polysomnography,"Conventionally, this would be called total sleep time (TST) (i.e. total time spent in stage 1 or greater).",numeric,minutes,,PSG;ttldursp_f1t1,,,
265,Sleep Monitoring/Polysomnography/Sleep Architecture,wkaftsleep,PSG Wake After Sleep Onset  (min),,numeric,minutes,,PSG;ttldurws_f1t1,,,
264,Sleep Monitoring/Polysomnography/Sleep Architecture,wasoqcpsg,PSG Wake after Sleep Onset  (min) ,,numeric,minutes,,PSG,,,
266,Sleep Monitoring/Polysomnography/Sleep Architecture,wkbefsleep,PSG Wake Before Sleep Onset  (min) ,,numeric,minutes,,PSG,,,
267,Sleep Monitoring/Polysomnography/Sleep Architecture,wkdursleep,PSG Wake During Sleep (min),,numeric,minutes,,PSG,,,
72,Sleep Questionnaires/Chronotype,meqcategory,"Morningness-Eveningness Questionnaire (MEQ) Category (1=Definitely Evening Type, 2=Moderately Evening Type, 3=Neither Type, 4=Moderately Morning Type, 5=Definitely Morning Type)",,choices,,meqcat,MEQ;chronotype,,,
73,Sleep Questionnaires/Chronotype,meqtotalscore,Morningness-Eveningness Questionnaire (MEQ) Total Score,,numeric,,,MEQ;chronotype,,,
100,Sleep Questionnaires/Hypersomnia,refreshinamhp,"Difficulty Rising from HP (0=No, 1=Yes)",,choices,,no0yes1,HP,,,
202,Sleep Questionnaires/Hypersomnia,esstotalscoreqc,ESS Total Score,,numeric,,,ESS;epworth;ess_total,,,
46,Sleep Questionnaires/Hypersomnia,edshp,"Excessive Daytime Somnolence from HP (0=No, 1=Yes)",,choices,,no0yes1,HP;subjective_sleepiness,,,
111,Sleep Questionnaires/Hypersomnia,sleepyduringdayshq7f,"SHQ Q7f: Feel Excessively Sleepy During Day (0=Never, 1=Rarely [1/month or less], 2=Sometimes [2-4/month], 3=Often [5-15/month], 4=Almost Always [16-30/month])",,choices,,shqcat,SHQ;subjective_sleepiness,,,
51,Sleep Questionnaires/Hypersomnia,fatiguedduringdayshq7h,"SHQ Q7h: Feel Excessively Fatigued/Not Sleepy During Day (0=Never, 1=Rarely [1/month or less], 2=Sometimes [2-4/month], 3=Often [5-15/month], 4=Almost Always [16-30/month])",,choices,,shqcat,SHQ;subjective_sleepiness,,,
114,Sleep Questionnaires/Hypersomnia,sssmeanscore,Stanford Sleepiness Scale (SSS) Mean Score,,numeric,,,SSS;subjective_sleepiness,,,
197,Sleep Questionnaires/Hypersomnia/Epworth Sleepiness Scale (ESS),essq4,Epworth Sleepiness Scale: Chance of dozing as a passenger in a car for an hour without a break,Item from the Epworth Sleepiness Scale [Johns MW 1991 (PubMed ID: 1798888)](https://www.ncbi.nlm.nih.gov/pubmed/1798888)<br><br> [Search for all ESS variables within this dataset](https://sleepdata.org/datasets/apples/variables?search=epworth),choices,,esscat,ESS;epworth;ess_4passenger,,,
201,Sleep Questionnaires/Hypersomnia/Epworth Sleepiness Scale (ESS),essq8,"Epworth Sleepiness Scale: Chance of dozing while in a car, while stopped for a few minutes in traffic",Item from the Epworth Sleepiness Scale [Johns MW 1991 (PubMed ID: 1798888)](https://www.ncbi.nlm.nih.gov/pubmed/1798888)<br><br> [Search for all ESS variables within this dataset](https://sleepdata.org/datasets/apples/variables?search=epworth),choices,,esscat,ESS;epworth;ess_8stoppedcar,,,
198,Sleep Questionnaires/Hypersomnia/Epworth Sleepiness Scale (ESS),essq5,Epworth Sleepiness Scale: Chance of dozing while lying down in the afternoon when circumstances permit,Item from the Epworth Sleepiness Scale [Johns MW 1991 (PubMed ID: 1798888)](https://www.ncbi.nlm.nih.gov/pubmed/1798888)<br><br> [Search for all ESS variables within this dataset](https://sleepdata.org/datasets/apples/variables?search=epworth),choices,,esscat,ESS;epworth;ess_5lyingdown,,,
194,Sleep Questionnaires/Hypersomnia/Epworth Sleepiness Scale (ESS),essq1,Epworth Sleepiness Scale: Chance of dozing while sitting and reading,Item from the Epworth Sleepiness Scale [Johns MW 1991 (PubMed ID: 1798888)](https://www.ncbi.nlm.nih.gov/pubmed/1798888)<br><br> [Search for all ESS variables within this dataset](https://sleepdata.org/datasets/apples/variables?search=epworth),choices,,esscat,ESS;epworth;ess_1sitread,,,
199,Sleep Questionnaires/Hypersomnia/Epworth Sleepiness Scale (ESS),essq6,Epworth Sleepiness Scale: Chance of dozing while sitting and talking to someone,Item from the Epworth Sleepiness Scale [Johns MW 1991 (PubMed ID: 1798888)](https://www.ncbi.nlm.nih.gov/pubmed/1798888)<br><br> [Search for all ESS variables within this dataset](https://sleepdata.org/datasets/apples/variables?search=epworth),choices,,esscat,ESS;epworth;ess_6sittalk,,,
200,Sleep Questionnaires/Hypersomnia/Epworth Sleepiness Scale (ESS),essq7,Epworth Sleepiness Scale: Chance of dozing while sitting quietly after lunch without alcohol,Item from the Epworth Sleepiness Scale [Johns MW 1991 (PubMed ID: 1798888)](https://www.ncbi.nlm.nih.gov/pubmed/1798888)<br><br> [Search for all ESS variables within this dataset](https://sleepdata.org/datasets/apples/variables?search=epworth),choices,,esscat,ESS;epworth;ess_7afterlunch,,,
196,Sleep Questionnaires/Hypersomnia/Epworth Sleepiness Scale (ESS),essq3,"Epworth Sleepiness Scale: Chance of dozing while sitting, inactive in a public place",Item from the Epworth Sleepiness Scale [Johns MW 1991 (PubMed ID: 1798888)](https://www.ncbi.nlm.nih.gov/pubmed/1798888)<br><br> [Search for all ESS variables within this dataset](https://sleepdata.org/datasets/apples/variables?search=epworth),choices,,esscat,ESS;epworth;ess_3sitinactive,,,
195,Sleep Questionnaires/Hypersomnia/Epworth Sleepiness Scale (ESS),essq2,Epworth Sleepiness Scale: Chance of dozing while watching TV,Item from the Epworth Sleepiness Scale [Johns MW 1991 (PubMed ID: 1798888)](https://www.ncbi.nlm.nih.gov/pubmed/1798888)<br><br> [Search for all ESS variables within this dataset](https://sleepdata.org/datasets/apples/variables?search=epworth),choices,,esscat,ESS;epworth;ess_2watchingtv,,,
208,Sleep Questionnaires/Hypersomnia/Epworth Sleepiness Scale (ESS),qcnotes,ESS Quality Control Notes (OK/Missing Data),,choices,,qcnotes,ESS,,,
288,Sleep Questionnaires/Sleep Apnea Quality of Life Index (SAQLI),aden,Sleep Apnea Quality of Life Index (SAQLI) Domain A - Daily Functioning Denominator,,numeric,,,SAQLI;sdb,,,
292,Sleep Questionnaires/Sleep Apnea Quality of Life Index (SAQLI),domainamean,Sleep Apnea Quality of Life Index (SAQLI) Domain A - Daily Functioning Mean ,,numeric,,,SAQLI;sdb,,,
293,Sleep Questionnaires/Sleep Apnea Quality of Life Index (SAQLI),domainatotal,Sleep Apnea Quality of Life Index (SAQLI) Domain A - Daily Functioning Total,,numeric,,,SAQLI;sdb,,,
289,Sleep Questionnaires/Sleep Apnea Quality of Life Index (SAQLI),bden,Sleep Apnea Quality of Life Index (SAQLI) Domain B  - Social Interactions Denominator,,numeric,,,SAQLI;sdb,,,
294,Sleep Questionnaires/Sleep Apnea Quality of Life Index (SAQLI),domainbmean,Sleep Apnea Quality of Life Index (SAQLI) Domain B - Social Interactions Mean,,numeric,,,SAQLI;sdb,,,
295,Sleep Questionnaires/Sleep Apnea Quality of Life Index (SAQLI),domainbtotal,Sleep Apnea Quality of Life Index (SAQLI) Domain B - Social Interactions Total,,numeric,,,SAQLI;sdb,,,
290,Sleep Questionnaires/Sleep Apnea Quality of Life Index (SAQLI),cden,Sleep Apnea Quality of Life Index (SAQLI) Domain C - Emotional Functioning Denominator,,numeric,,,SAQLI;sdb,,,
296,Sleep Questionnaires/Sleep Apnea Quality of Life Index (SAQLI),domaincmean,Sleep Apnea Quality of Life Index (SAQLI) Domain C - Emotional Functioning Mean,,numeric,,,SAQLI;sdb,,,
297,Sleep Questionnaires/Sleep Apnea Quality of Life Index (SAQLI),domainctotal,Sleep Apnea Quality of Life Index (SAQLI) Domain C - Emotional Functioning Total,,numeric,,,SAQLI;sdb,,,
291,Sleep Questionnaires/Sleep Apnea Quality of Life Index (SAQLI),dden,Sleep Apnea Quality of Life Index (SAQLI) Domain D - Symptoms Denominator,,numeric,,,SAQLI;sdb,,,
298,Sleep Questionnaires/Sleep Apnea Quality of Life Index (SAQLI),domaindmean,Sleep Apnea Quality of Life Index (SAQLI) Domain D - Symptoms Mean,,numeric,,,SAQLI;sdb,,,
299,Sleep Questionnaires/Sleep Apnea Quality of Life Index (SAQLI),domaindtotal,Sleep Apnea Quality of Life Index (SAQLI) Domain D - Symptoms Total,,numeric,,,SAQLI;sdb,,,
304,Sleep Questionnaires/Sleep Apnea Quality of Life Index (SAQLI),eden,Sleep Apnea Quality of Life Index (SAQLI) Domain E - Treatment Related Symptoms Denominator,,numeric,,,SAQLI;sdb,,,
300,Sleep Questionnaires/Sleep Apnea Quality of Life Index (SAQLI),domainemean,Sleep Apnea Quality of Life Index (SAQLI) Domain E - Treatment Related Symptoms Mean,,numeric,,,SAQLI;sdb,,,
318,Sleep Questionnaires/Sleep Apnea Quality of Life Index (SAQLI),rdomainemean,Sleep Apnea Quality of Life Index (SAQLI) Domain E - Treatment Related Symptoms Rescored Mean,,numeric,,,SAQLI;sdb,,,
319,Sleep Questionnaires/Sleep Apnea Quality of Life Index (SAQLI),rdomainetotal,Sleep Apnea Quality of Life Index (SAQLI) Domain E - Treatment Related Symptoms Rescored Total,,numeric,,,SAQLI;sdb,,,
301,Sleep Questionnaires/Sleep Apnea Quality of Life Index (SAQLI),domainetotal,Sleep Apnea Quality of Life Index (SAQLI) Domain E - Treatment Related Symptoms Total,,numeric,,,SAQLI;sdb,,,
317,Sleep Questionnaires/Sleep Apnea Quality of Life Index (SAQLI),fden,Sleep Apnea Quality of Life Index (SAQLI) Domain F - Impact Denominator,,numeric,,,SAQLI;sdb,,,
303,Sleep Questionnaires/Sleep Apnea Quality of Life Index (SAQLI),domainftotal,Sleep Apnea Quality of Life Index (SAQLI) Domain F - Impact Total,,numeric,,,SAQLI;sdb,,,
302,Sleep Questionnaires/Sleep Apnea Quality of Life Index (SAQLI),domainfmean,Sleep Apnea Quality of Life Index (SAQLI) Domian F - Impact Mean ,,numeric,,,SAQLI;sdb,,,
320,Sleep Questionnaires/Sleep Apnea Quality of Life Index (SAQLI),saqliscore,Sleep Apnea Quality of Life Index (SAQLI) Score,,numeric,,,SAQLI;sdb,,,
323,Sleep Questionnaires/Sleep Apnea Quality of Life Index (SAQLI),wtfactor,Sleep Apnea Quality of Life Index (SAQLI) Weight Factor,,numeric,,,SAQLI;sdb,,,
113,Sleep Questionnaires/Sleep Disordered Breathing,snoredurationshqhp,Duration of Snoring in Years from SHQ/HP,,numeric,years,,SHQ;HP;sdb;snore,,,
96,Sleep Questionnaires/Sleep Disordered Breathing,osaseveritypostqc,OSA Severity (0= Non-randomized; 1= Mild OSA [AHI 10-15.0); 2 = Moderate OSA [AHI 15.1-30]; 3= Severe OSA [AHI >30]),,choices,,osaseveritypostqc,SISS;sdb,,,
29,Sleep Questionnaires/Sleep Disturbance,ccpainaffectssleephp,"Pain Affects Sleep from HP (0=No, 1=Yes)",,choices,,no0yes1,HP;insomnia,,,
43,Sleep Questionnaires/Sleep Disturbance,difficultrisinghp,"Refreshed in AM from HP (0=No, 1=Yes)",,choices,,no0yes1,HP;sleep_quality,,,
37,Sleep Questionnaires/Sleep Disturbance,coughingwheezingshq16a,"SHQ Q16a: How Often Awakened by Coughing/Wheezing (0=Never, 1=Rarely [1/month or less], 2=Sometimes [2-4/month], 3=Often [5-15/month], 4=Almost Always [16-30/month])",,choices,,shqcat,SHQ,,,
31,Sleep Questionnaires/Sleep Disturbance,chestpaintightnessshq16b,"SHQ Q16b: How Often Awakened by Chest Pain/Tightness (0=Never, 1=Rarely [1/month or less], 2=Sometimes [2-4/month], 3=Often [5-15/month], 4=Almost Always [16-30/month])",,choices,,shqcat,SHQ;insomnia,,,
103,Sleep Questionnaires/Sleep Disturbance,shortnessofbreathshq16c,"SHQ Q16c: How Often Awakened by Shortness of Breath (0=Never, 1=Rarely [1/month or less], 2=Sometimes [2-4/month], 3=Often [5-15/month], 4=Almost Always [16-30/month])",,choices,,shqcat,SHQ,,,
116,Sleep Questionnaires/Sleep Disturbance,sweatshotflashesshq16d,"SHQ Q16d: How Often Awakened by Sweats/Hot Flashes (0=Never, 1=Rarely [1/month or less], 2=Sometimes [2-4/month], 3=Often [5-15/month], 4=Almost Always [16-30/month])",,choices,,shqcat,SHQ,,,
86,Sleep Questionnaires/Sleep Disturbance,noisesurroundings16e,"SHQ Q16e: How Often Awakened by Noise in Surroundings (0=Never, 1=Rarely [1/month or less], 2=Sometimes [2-4/month], 3=Often [5-15/month], 4=Almost Always [16-30/month])",,choices,,shqcat,SHQ,,,
97,Sleep Questionnaires/Sleep Disturbance,painjointsmusclesbackshq16f,"SHQ Q16f: How Often Awakened by Pain in Joints/Muscles/Back (0=Never, 1=Rarely [1/month or less], 2=Sometimes [2-4/month], 3=Often [5-15/month], 4=Almost Always [16-30/month])",,choices,,shqcat,SHQ,,,
55,Sleep Questionnaires/Sleep Disturbance,heartburnindigestionshq16g,"SHQ Q16g: How Often Awakened by Heartburn/Indegestion (0=Never, 1=Rarely [1/month or less], 2=Sometimes [2-4/month], 3=Often [5-15/month], 4=Almost Always [16-30/month])",,choices,,shqcat,SHQ;insomnia,,,
69,Sleep Questionnaires/Sleep Disturbance,legcrampsjerksshq16h,"SHQ Q16h: How Often Awakened by Leg Cramps/Jerks (0=Never, 1=Rarely [1/month or less], 2=Sometimes [2-4/month], 3=Often [5-15/month], 4=Almost Always [16-30/month])",,choices,,shqcat,SHQ;rls_plms,,,
83,Sleep Questionnaires/Sleep Disturbance,needtogotobathroomshq16i,"SHQ Q16i: How Often Awakened by Need to Go To Bathroom (0=Never, 1=Rarely [1/month or less], 2=Sometimes [2-4/month], 3=Often [5-15/month], 4=Almost Always [16-30/month])",,choices,,shqcat,SHQ,,,
122,Sleep Questionnaires/Sleep Disturbance,troublefallingasleepshq7a,"SHQ Q7a: Trouble Falling Asleep (0=Never, 1=Rarely [1/month or less], 2=Sometimes [2-4/month], 3=Often [5-15/month], 4=Almost Always [16-30/month])",,choices,,shqcat,SHQ;insomnia,,,
41,Sleep Questionnaires/Sleep Disturbance,difffallbacktosleepatnightshq7b,"SHQ Q7b: Wake up During Night with Difficulty Falling Back to Sleep (0=Never, 1=Rarely [1/month or less], 2=Sometimes [2-4/month], 3=Often [5-15/month], 4=Almost Always [16-30/month])",,choices,,shqcat,SHQ;insomnia,,,
42,Sleep Questionnaires/Sleep Disturbance,difffallbacktosleepinmorningshq,"SHQ Q7c: Wake up Early in AM with Difficulty Falling Back to Sleep (0=Never, 1=Rarely [1/month or less], 2=Sometimes [2-4/month], 3=Often [5-15/month], 4=Almost Always [16-30/month])",,choices,,shqcat,SHQ;insomnia,,,
129,Sleep Questionnaires/Sleep Disturbance,worryaboutsleepshq7d,"SHQ Q7d: Worry About Sleep/Problems Sleeping (0=Never, 1=Rarely [1/month or less], 2=Sometimes [2-4/month], 3=Often [5-15/month], 4=Almost Always [16-30/month])",,choices,,shqcat,SHQ;insomnia;sleep_satisfaction,,,
124,Sleep Questionnaires/Sleep Disturbance,unrestedduringdayshq7e,"SHQ Q7e: Feel Unrested During Day (0=Never, 1=Rarely [1/month or less], 2=Sometimes [2-4/month], 3=Often [5-15/month], 4=Almost Always [16-30/month])",,choices,,shqcat,SHQ;sleep_related_impairment,,,
90,Sleep Questionnaires/Sleep Disturbance,notenoughsleepshq7g,"SHQ Q7g: Do Not Get Enough Sleep (0=Never, 1=Rarely [1/month or less], 2=Sometimes [2-4/month], 3=Often [5-15/month], 4=Almost Always [16-30/month])",,choices,,shqcat,SHQ;sleep_satisfaction,,,
91,Sleep Questionnaires/Sleep Disturbance,numawaktotalhp,Total Weekly Number of Awakenings/Night from HP,,numeric,,,HP;insomnia,,,
92,Sleep Questionnaires/Sleep Disturbance,numawakwdhp,Weekday Number of Awakenings/Night from HP,,numeric,,,HP;insomnia,,,
93,Sleep Questionnaires/Sleep Disturbance,numawakwehp,Weekend Number of Awakenings/Night from HP,,numeric,,,HP;insomnia,,,
77,Sleep Questionnaires/Sleep Habits,napdurhp,Nap Duration from HP,,numeric,,,HP;sleep_hygiene,,,
78,Sleep Questionnaires/Sleep Habits,napsperweekhp,Number of Naps/Week from HP,,numeric,,,HP;sleep_hygiene,,,
79,Sleep Questionnaires/Sleep Habits,napsperwkshq6,SHQ Q6: Number of Naps/Week (> 5 Minutes) (0= No Naps),,numeric,,,SHQ;sleep_hygiene,,,
104,Sleep Questionnaires/Sleep Habits,shqhrssleeppernighttotalweek,Total Week Hours Sleep Per Night from SHQ,,numeric,,,SHQ;sleep_duration,,,
108,Sleep Questionnaires/Sleep Habits,sleeplattotalhp,Total Weekly Sleep Latency/Night from HP,,numeric,,,HP;sleep_latency,,,
105,Sleep Questionnaires/Sleep Habits,shqhrssleeppernightwd,Weekday Hours Sleep Per Night from SHQ,,numeric,,,SHQ;sleep_duration,,,
109,Sleep Questionnaires/Sleep Habits,sleeplatwdhp,Weekday Sleep Latency/Night from HP,,numeric,,,HP;sleep_latency,,,
106,Sleep Questionnaires/Sleep Habits,shqhrssleeppernightwe,Weekend Hours Sleep Per Night from SHQ,,numeric,,,SHQ;sleep_duration,,,
110,Sleep Questionnaires/Sleep Habits,sleeplatwehp,Weekend Sleep Latency/Night from HP,,numeric,,,HP;sleep_latency,,,
2,Sleep Treatment/Adherence/CPAP Adherence,ge4hrsgt70per1month,CPAP Adherence - Greater than or equal to 4 hours of use for greater than 70 percent of the time - Period is 1 Month,,numeric,,,Adherence,,,
3,Sleep Treatment/Adherence/CPAP Adherence,ge4hrsgt70per1night,CPAP Adherence - Greater than or equal to 4 hours of use for greater than 70 percent of the time - Period is 1 Night,,numeric,,,Adherence,,,
4,Sleep Treatment/Adherence/CPAP Adherence,ge4hrsgt70per1week,CPAP Adherence - Greater than or equal to 4 hours of use for greater than 70 percent of the time - Period is 1 Week,,numeric,,,Adherence,,,
5,Sleep Treatment/Adherence/CPAP Adherence,ge4hrsgt70per2month,CPAP Adherence - Greater than or equal to 4 hours of use for greater than 70 percent of the time - Period is 2 Months,,numeric,,,Adherence,,,
6,Sleep Treatment/Adherence/CPAP Adherence,meanhrsadherence1monthpos,Mean Hours of CPAP Adherence 1 Month Prior to Visit - Denominator is Number of Possible Days,,numeric,hours,,Adherence,,,
7,Sleep Treatment/Adherence/CPAP Adherence,meanhrsadherence1monthsc,Mean Hours of CPAP Adherence 1 Month Prior to Visit - Denominator is Number of SmartCard Days,,numeric,hours,,Adherence,,,
8,Sleep Treatment/Adherence/CPAP Adherence,meanhrsadherence1nightpos,Mean Hours of CPAP Adherence 1 Night Prior to Visit - Denominator is Number of Possible Days,,numeric,hours,,Adherence,,,
9,Sleep Treatment/Adherence/CPAP Adherence,meanhrsadherence1nightsc,Mean Hours of CPAP Adherence 1 Night Prior to Visit - Denominator is Number of SmartCard Days,,numeric,hours,,Adherence,,,
10,Sleep Treatment/Adherence/CPAP Adherence,meanhrsadherence1weekpos,Mean Hours of CPAP Adherence 1 Week Prior to Visit - Denominator is Number of Possible Days,,numeric,hours,,Adherence,,,
11,Sleep Treatment/Adherence/CPAP Adherence,meanhrsadherence1weeksc,Mean Hours of CPAP Adherence 1 Week Prior to Visit - Denominator is Number of SmartCard Days,,numeric,hours,,Adherence,,,
12,Sleep Treatment/Adherence/CPAP Adherence,meanhrsadherence2monthpos,Mean Hours of CPAP Adherence 2 Months Prior to Visit - Denominator is Number of Possible Days,,numeric,hours,,Adherence,,,
13,Sleep Treatment/Adherence/CPAP Adherence,meanhrsadherence2monthsc,Mean Hours of CPAP Adherence 2 Months Prior to Visit - Denominator is Number of SmartCard Days,,numeric,hours,,Adherence,,,
,Harmonized/Anthropometry,nsrr_bmi,Body mass index (BMI),"Harmonized by the NSRR team to align with <a href=\""https://github.com/UW-GAC/topmed-dcc-harmonized-phenotypes\"" target=\""_blank\"">TOPMed</a> and <a href=\""https://github.com/uc-cdis/gtex-dictionary/tree/master/gdcdictionary/schemas/\"" target=\""_blank\"">BioDataCatalyst standards</a>. Source: :bmiblquan:",numeric,kilograms per square meter,,bmi_baseline_1,,,
,Harmonized/Demographics,nsrr_age,Subject age,"Harmonized by the NSRR team to align with <a href=\""https://github.com/UW-GAC/topmed-dcc-harmonized-phenotypes\"" target=\""_blank\"">TOPMed</a> and <a href=\""https://github.com/uc-cdis/gtex-dictionary/tree/master/gdcdictionary/schemas/\"" target=\""_blank\"">BioDataCatalyst standards</a>. Source: :age:",numeric,years,,age_at_index,,,
,Harmonized/Demographics,nsrr_age_gt89,Indicate whether the subject's age (in years) used during date obfuscation is greater than 89 years.,"Harmonized by the NSRR team to align with <a href=\""https://github.com/UW-GAC/topmed-dcc-harmonized-phenotypes\"" target=\""_blank\"">TOPMed</a> and <a href=\""https://github.com/uc-cdis/gtex-dictionary/tree/master/gdcdictionary/schemas/\"" target=\""_blank\"">BioDataCatalyst standards</a>. Source: :age:",choices,,nsrr_age_gt89,age_at_index_gt89,,,
,Harmonized/Lifestyle and Behavioral Health,nsrr_current_smoker,Currently smoking cigarettes,"Indicates whether subject currently smokes cigarettes. <br><br>Harmonized by the NSRR team to align with <a href=\""https://github.com/UW-GAC/topmed-dcc-harmonized-phenotypes\"" target=\""_blank\"">TOPMed</a> and <a href=\""https://github.com/uc-cdis/gtex-dictionary/tree/master/gdcdictionary/schemas/\"" target=\""_blank\"">BioDataCatalyst standards</a>. Source: :currentsmokerr:",choices,,nsrr_current_smoker,current_smoker_baseline;smoking,,,
,Harmonized/Lifestyle and Behavioral Health,nsrr_ever_smoker,Ever smoked cigarettes,"Indicates whether subject ever regularly smoked cigarettes.<br><br>Harmonized by the NSRR team to align with <a href=\""https://github.com/UW-GAC/topmed-dcc-harmonized-phenotypes\"" target=\""_blank\"">TOPMed</a> and <a href=\""https://github.com/uc-cdis/gtex-dictionary/tree/master/gdcdictionary/schemas/\"" target=\""_blank\"">BioDataCatalyst standards</a>. Source: :smokermedhxhp:",choices,,nsrr_ever_smoker,ever_smoker_baseline;smoking,,,
,Harmonized/Demographics,nsrr_race,Subject race,"Harmonized by the NSRR team to align with <a href=\""https://github.com/UW-GAC/topmed-dcc-harmonized-phenotypes\"" target=\""_blank\"">TOPMed</a> and <a href=\""https://github.com/uc-cdis/gtex-dictionary/tree/master/gdcdictionary/schemas/\"" target=\""_blank\"">BioDataCatalyst standards</a>. Source: :ethnicity:",choices,,nsrr_race,race,,,
,Harmonized/Demographics,nsrr_sex,Subject sex,"Harmonized by the NSRR team to align with <a href=\""https://github.com/UW-GAC/topmed-dcc-harmonized-phenotypes\"" target=\""_blank\"">TOPMed</a> and <a href=\""https://github.com/uc-cdis/gtex-dictionary/tree/master/gdcdictionary/schemas/\"" target=\""_blank\"">BioDataCatalyst standards</a>. Source: :gender:",choices,,nsrr_sex,annotated_sex,,,
,Harmonized/Clinical Data,nsrr_bp_diastolic,Diastolic blood pressure,"Average resting diastolic blood pressure of two measurements collected in the morning and two measurements collected in the afternoon from the upper arm. In cases where either of the measurements was missing, the average was calculated discarding the missing value. <br><br>Harmonized by the NSRR team to align with <a href=\""https://github.com/UW-GAC/topmed-dcc-harmonized-phenotypes\"" target=\""_blank\"">TOPMed</a> and <a href=\""https://github.com/uc-cdis/gtex-dictionary/tree/master/gdcdictionary/schemas/\"" target=\""_blank\"">BioDataCatalyst standards</a>.  Source: :bp1b_am: :bp2b_am: :bp1b_pm: :bp2b_pm:",numeric,millimeters of mercury,,bp_diastolic,,,
,Harmonized/Clinical Data,nsrr_bp_systolic,Systolic blood pressure,"Average resting systolic blood pressure of two measurements collected in the morning and two measurements collected in the afternoon from the upper arm. In cases where either of the measurements was missing, the average was calculated discarding the missing value. <br><br>Harmonized by the NSRR team to align with <a href=\""https://github.com/UW-GAC/topmed-dcc-harmonized-phenotypes\"" target=\""_blank\"">TOPMed</a> and <a href=\""https://github.com/uc-cdis/gtex-dictionary/tree/master/gdcdictionary/schemas/\"" target=\""_blank\"">BioDataCatalyst standards</a>.  Source: :bp1a_am: :bp2a_am: :bp1a_pm: :bp2a_pm:",numeric,millimeters of mercury,,bp_systolic,,,
